Mons Agnes 	18.66°N 5.34°E
Mons Ampère 	19.0°N 4.0°W
Mons André 	5.2°N 120.6°E
Mons Ardeshir 	5.0°N 121.0°E
Mons Argaeus 	19.0°N 29.0°E
Mons Blanc 	45.0°N 1.0°E
Mons Bradley 	22.0°N 1.0°E
Mons Delisle 	29.5°N 35.8°W
Mons Dieter 	5.0°N 120.2°E
Mons Dilip 	5.6°N 120.8°E
Mons Esam 	14.6°N 35.7°E
Mons Ganau 	4.8°N 120.6°E
Mons Gruithuisen Delta 	36.0°N 35.9°W
Mons Gruithuisen Gamma 	36.6°N 40.5°W
Mons Hadley 	26.5°N 4.7°E
Mons Hadley Delta 	25.8°N 3.8°E
Mons Hansteen 	12.1°S 50.0°W
Mons Herodotus 	27.5°N 53.0°W
Mons Huygens 	20.0°N 2.9°W
Mons La Hire 	27.8°N 25.5°W
Mons Maraldi 	20.3°N 35.3°E
Mons Moro 	12.0°S 19.7°W
Mons Penck 	10.0°S 21.6°E
Mons Pico 	45.7°N 8.9°W
Mons Piton 	40.6°N 1.1°W
Mons Rümker 	40.8°N 58.1°W
Mons Usov 	12.0°N 63.0°E
Mons Vinogradov 	22.4°N 32.4°W
Mons Vitruvius 	19.4°N 30.8°E
Mons Wolff 	17.0°N 6.8°W